[
    {
        "order_id": "FMR_SLQ892",
        "time": "15:38:44",
        "items": [
            "Ayam Bakar Rp22000",
            "Mendoan Rp10000",
            "Nasi Goreng Rp15000",
            "Es Jeruk Rp6000",
            "Es Jeruk Rp6000",
            "Lemon Tea Rp6000"
        ],
        "total": "TOTAL : Rp 65000"
    },
    {
        "order_id": "FMR_OPY791",
        "time": "15:39:04",
        "items": [
            "Steak Ayam Rp28000",
            "Risol Rp12000",
            "Rawon Rp27000",
            "Mendoan Rp10000",
            "Ayam Goreng Rp18000",
            "Es Jeruk Rp6000",
            "Mendoan Rp10000"
        ],
        "total": "TOTAL : Rp 111000"
    },
    {
        "order_id": "FMR_KPT849",
        "time": "15:39:17",
        "items": [
            "Steak Ayam Rp28000",
            "Lumpia Rp12000",
            "Soto Ayam Rp16000",
            "Tahu Isi Rp10000"
        ],
        "total": "TOTAL : Rp 66000"
    },
    {
        "order_id": "FMR_IBH982",
        "time": "15:41:20",
        "items": [
            "Mendoan Rp10000",
            "Nasi Goreng Rp15000",
            "Es Jeruk Rp6000",
            "Tahu Isi Rp10000",
            "Risol Rp12000",
            "Nasi Goreng Rp15000"
        ],
        "total": "TOTAL : Rp 68000"
    },
    {
        "order_id": "FMR_STN363",
        "time": "15:41:32",
        "items": [
            "Steak Ayam Rp28000",
            "Steak Ayam Rp28000",
            "Steak Ayam Rp28000",
            "Steak Ayam Rp28000",
            "Es Teh Rp5000",
            "Es Teh Rp5000",
            "Es Teh Rp5000",
            "Es Teh Rp5000"
        ],
        "total": "TOTAL : Rp 132000"
    },
    {
        "order_id": "FMR_XYJ636",
        "time": "15:43:04",
        "items": [
            "Ayam Goreng Rp18000",
            "Es Teh Rp5000",
            "Tahu Isi Rp10000",
            "Risol Rp12000",
            "Es Jeruk Rp6000"
        ],
        "total": "TOTAL : Rp 51000"
    }
]